group,users,conversion_rate_pct,arpu,avg_session_duration,avg_pages_visited
control,146926,11.872643371493133,4.45276908103399,5.003683827232757,4.015327443747193
treatment,147552,17.94892648015615,6.763299446974626,5.000594027868142,4.023754337453915
overall,294478,14.917243393394413,5.610490121503135,5.002135643409695,4.01954984752681
